{
  "timestamp": "2025-11-06T06:51:14.201577",
  "models": {
    "collaborative_filtering": {
      "final_train_loss": 0.09807568507039538,
      "final_val_loss": 0.17348053375252664,
      "final_rmse": 0.21147636566584055,
      "epochs": 50
    },
    "content_based_filtering": {
      "final_train_loss": 0.2071231036564664,
      "final_val_loss": 0.2644468199415727,
      "final_accuracy": 0.9118946715598402,
      "epochs": 50
    },
    "hybrid_model": {
      "final_train_loss": 0.116296032299075,
      "final_val_loss": 0.19224030183328228,
      "final_ndcg": 0.8970442931004547,
      "epochs": 50
    }
  }
}